dob, caption, ethnicity, weight, height, bodytype, smoke, drink, seeking, email_domain, ge    nder, zip, lat, long, city, state, contry, status, loginkey, login_key_recurrence
1976,Dico quo, ius vel at Per eos. nostro Mea tibique In atomorum no id adipisci copiosae ex perpetua, insolens id,300,4,126,1,1,1,2,aol,2,no,dolorum,duo.,nec,similique,366
1952,atomorum iriure insolens velit sea, idque Justo per. Partiendo doming at civibus mea ne electram Per Ea iusto everti id,161,2,177,2,1,0,3,other,1,admodum,tibique,phaedrum,perpetua,,quo,,846
1990,id. mea Munere mel maiorum appellantur. ad ne habeo maiorum regione vel et. phaedrum ex habemus admodum sensibus quis perpetua,,236,5,131,1,0,0,2,yahoo,3,nec.,quo,,aliquando,Munere,copiosae,738
1957,fabulas tale in Cu ad vide habeo aeterno aeque no tacimates quo ei an splendide, duo, delicatissimi doming ne id,216,0,127,3,0,1,5,google,3,nec,regione,simul.,salutandi,veniam,933
1990,tacimates et. aeque Cu quo, consequuntur, Munere an vituperata Justo consequuntur, mel atomorum ut. platonem insolens am splendide officiis, appellantur.,141,0,135,3,0,0,5,yahoo,1,salutandi.,fuisset,In,sumo,appellantur.,890
1993,nec ius sed nostro duo, mediocrem est. duo, nominati Per ad, vide utamur platonem mea am per. civibus insolens ad,215,1,141,0,0,0,3,other,0,tractatos,nostrud,habemus,consulatu,amet,916
1976,Ea in Mea officiis, sed phaedrum tale ne Justo explicari am iusto ius Cu ut. habeo quo Ea Per reprimique,219,0,160,3,1,0,5,aol,3,Partiendo,Ea,moderatius.,tale,ad,,330
1966,admodum torquatos ex consulatu mediocrem aeque alterum habeo at eruditi velit Justo id. splendide, eruditi atqui atqui electram mnesarchum sensibus,300,3,132,0,1,0,4,other,0,vituperata,fabulas,Est,ut.,id.,125
1961,eos. et. tibique Ea dolorum electram ut. case an amet et. tacimates natum veniam amet fabulas dolorum Est natum quo,,207,0,150,2,1,1,3,yahoo,1,in,consequuntur,,tibique,ad,aeque,477
1972,admodum ne everti everti duo. complectitur mea. natum platonem eum velit cu ut ne eum, adipisci velit consequuntur, et. salutandi,132,4,177,3,1,1,0,aol,3,Odio,aeterno,possit,Et,eum,,375
1950,no id quis salutandi. salutandi. fuisset simul. aliquando mea in quis Ea mnesarchum vide et. mea phaedrum complectitur Mea case,132,1,164,0,0,0,3,google,3,ad,,zril,ei,ne,aeterno,432
1984,nostro Est dolor habeo aliquando ad ius In an eu alterum fabulas eruditi moderatius. civibus nostrud reprimique fabulas ex in,140,4,172,5,1,1,0,google,1,pro.,Id,Munere,duo.,Munere,42
1970,iusto Per platonem mea. explicari eum iusto aliquando veniam eruditi vel vide adipisci fabulas Cu Dico regione alterum case duo.,106,4,132,3,0,1,4,other,0,simul.,iusto,pro.,reprimique,consequuntur,,309
1953,salutandi platonem id ei eum et. officiis, possit everti ad phaedrum tale eum, et. moderatius. vide Munere nominati similique utamur,148,3,182,3,0,0,3,other,3,civibus,sed,phaedrum,explicari,splendide,540
1945,consequuntur, vituperata mnesarchum salutandi ei electram reprimique eu dolorum amet ex phaedrum id Justo sensibus moderatius. ne has, sed Mea,192,3,154,2,0,0,2,yahoo,3,no,ad,eu,recusabo,,veniam,655
1945,Mea regione iusto id natum dolorum Munere salutandi. mnesarchum ei quo alterum Dico deserunt per. Cu Cu iriure has, appetere,223,5,157,1,1,0,0,other,1,per.,eum,alterum,eruditi,sumo,820
1980,at Ea everti pro. no his salutandi. idque Odio deserunt ius no recusabo, idque eu appellantur. sumo duo, iusto Munere,96,2,160,2,0,0,2,google,2,Est,consequuntur,,his,ex,recusabo,,803
1977,no similique Et ex eum eu honestatis. honestatis. sed mediocrem nec. atqui honestatis. velit tacimates deserunt duo. salutandi. nostrud Justo,262,4,138,3,1,1,4,yahoo,2,nostro,id,ea,no,nostro,952
1980,ea splendide appellantur. am electram mea quo, eos. sensibus ne In vituperata ex an his electram nec. vel id. eruditi,155,3,181,5,1,0,0,google,2,Ea,mea.,duo.,Ea,ut.,474
1980,fuisset insolens in vituperata eruditi consequuntur, fuisset eruditi ex. in delicatissimi veniam eos. dolor quo, Munere Id tibique tibique amet,119,3,168,2,1,0,1,aol,0,amet,nec.,Ea,Est,adipisci,312
1951,explicari civibus quis habeo Per quo in vide dolor eum, in consulatu no ne Per vituperata case sed velit salutandi,149,1,126,3,1,1,0,yahoo,0,maiorum,zril,Justo,Est,ei,714
1942,fuisset splendide, amet id maiorum sensibus splendide ius Dico possit phaedrum in id. ut. vel id. Et civibus in deserunt,192,6,181,3,0,0,2,aol,0,id,disputando,fuisset,atomorum,delicatissimi,806
1985,mnesarchum mel nominati adipisci deserunt his alterum salutandi. nostro Ea mea ad ne regione dolor Id amet has, copiosae fuisset,198,1,126,3,0,1,4,other,2,no,mei,consulatu,nostro,In,603
1964,dolor consequuntur, fuisset aliquando doming ut. electram quis mnesarchum amet est. in salutandi an vel tale salutandi explicari nec am,131,5,156,0,0,1,1,aol,1,vide,officiis,,mnesarchum,Id,duo.,524
1954,et. appellantur. vituperata Munere eum, am idque ut maiorum an possit mnesarchum iisque ius in Id tibique quo, veniam sumo,103,3,170,0,0,1,0,other,2,In,salutandi.,Est,at,consequuntur,,461
1954,everti natum Justo mea. quo, ne deserunt vide duo, veniam an idque aliquando ut iisque sea, mnesarchum Ea simul. officiis,,274,1,142,4,1,1,4,other,2,Per,id,velit,mea,ad,721
1942,pro. velit everti idque utamur eos. splendide Ea consequuntur, aliquando similique electram perpetua, an atqui Dico tale vituperata Id Mea,164,1,151,2,0,1,4,aol,1,ne,explicari,nostro,alterum,sensibus,721
1987,recusabo, nostrud Cu has, Partiendo delicatissimi atqui complectitur In aeterno mea id. copiosae idque id. officiis, admodum utamur zril Per,222,0,147,4,0,1,2,google,3,recusabo,,ad,,electram,ut.,Justo,30
1980,case fabulas at aeterno ad quis Et salutandi. In recusabo, deserunt perpetua, quo mea disputando mea duo. insolens tibique mea.,108,6,145,3,1,1,2,other,2,id.,appetere,sed,In,natum,157
1971,delicatissimi ut. idque velit simul. iriure similique case insolens adipisci quo velit delicatissimi duo. admodum phaedrum ex. reprimique ut nec.,217,3,134,5,1,0,2,yahoo,3,splendide,aeque,vituperata,id.,habeo,687
1941,id. vel salutandi. ea his salutandi. am mea, tacimates case mei est. no id. Munere vide Id ad, eum possit,223,0,145,2,0,1,4,aol,3,iusto,mea.,aeterno,Munere,pro.,488
1957,recusabo, Justo eum recusabo, eum, vel veniam per. natum ea case mea, vel Et natum Dico id. possit fabulas iriure,289,3,149,4,1,1,0,yahoo,1,in,Odio,Cu,insolens,copiosae,292
1953,sed per. his no Ea possit et. vel Mea Ea zril nec. am in splendide possit veniam vituperata complectitur fabulas,151,1,128,1,1,1,5,other,1,copiosae,per.,id,sensibus,in,766
1947,utamur cu fabulas In mediocrem ea mnesarchum deserunt at similique quis et. cu tacimates veniam alterum ut eum, duo, perpetua,,123,0,183,0,1,1,2,other,3,in,idque,mei,Ea,ad,,520
1984,tale vel similique sed velit similique mea, In insolens am nominati case Odio alterum dolor id mel mediocrem ius ut,169,5,176,2,1,1,0,other,0,cu,iriure,electram,mel,ex,566
1967,nostrud torquatos nostro ad, has, salutandi his Per Et appellantur. mea est. natum natum In case copiosae ea deserunt honestatis.,256,3,158,3,0,0,2,other,3,quo,tractatos,nec,mei,tale,367
1963,phaedrum at regione admodum everti nec. regione In doming phaedrum perpetua, iriure Id an eum, dolorum eum in deserunt Odio,235,2,166,4,0,0,3,aol,2,case,no,sensibus,atqui,regione,523
1976,sea, id consulatu atqui insolens at no adipisci atqui has, id. Partiendo natum insolens nominati eruditi in no tale aeque,100,4,163,1,0,1,2,other,1,Dico,admodum,atqui,fuisset,has,,229
1968,id. no explicari sea, velit sensibus torquatos platonem maiorum Partiendo Est nostro Dico civibus alterum quis torquatos per. ne Ea,194,3,150,1,0,0,1,yahoo,1,no,Per,admodum,tacimates,veniam,10
1941,at est. possit habeo tale quo est. similique vel ut ea simul. adipisci aeterno phaedrum eum, appellantur. id. velit no,191,4,138,0,1,1,1,google,3,tractatos,in,eum,,vide,alterum,516
1942,tale amet sea, Odio ea copiosae adipisci nostrud iriure case officiis, aeque ne Cu civibus nec. consequuntur, delicatissimi his no,219,4,148,0,0,0,3,other,0,per.,nostro,phaedrum,iisque,platonem,227
1950,in aliquando iisque ad, Ea mea. et. tibique mnesarchum has, eos. Et ut. mea. explicari est. at id insolens vituperata,164,6,157,0,1,1,1,aol,1,duo,,atomorum,doming,aeterno,am,492
1967,atomorum complectitur an iriure simul. complectitur appellantur. no appellantur. in utamur nominati pro. In deserunt moderatius. mea mea, id salutandi.,115,6,160,5,1,0,2,other,0,Id,cu,admodum,eum,,tale,412
1941,electram Justo quis aeterno id. Per deserunt Odio iisque ei civibus his alterum admodum mei copiosae ius mea. cu veniam,135,1,164,1,0,0,2,aol,0,amet,appellantur.,consulatu,am,case,404
1972,pro. splendide sensibus ei civibus dolor tibique appetere civibus ad Per In ad, possit veniam Cu per. deserunt iriure tale,112,5,135,4,0,1,4,aol,1,eos.,splendide,,similique,has,,similique,589
1964,quis tractatos id. ut. In mea. consulatu torquatos zril no recusabo, aliquando vel Munere Partiendo idque delicatissimi eu amet In,227,6,149,4,1,1,0,aol,3,sea,,idque,recusabo,,In,appetere,122
1956,admodum his quo aeterno fabulas dolor Mea insolens ad, ius reprimique sed tractatos copiosae Justo utamur veniam adipisci salutandi quis,164,3,150,1,1,0,3,google,3,Dico,iisque,est.,natum,at,605
1976,explicari mediocrem habeo reprimique ei delicatissimi dolorum quo quis salutandi. deserunt alterum Mea explicari nominati veniam platonem sed natum splendide,109,0,178,4,0,0,2,google,1,fuisset,copiosae,ut.,ius,eu,248
1984,splendide salutandi fuisset iisque has, everti ea electram ea idque veniam veniam Munere nostrud torquatos mei adipisci mea mea, torquatos,208,5,128,2,1,0,5,other,2,cu,civibus,tibique,adipisci,Id,238
1954,Est zril quo, splendide id nostrud ex atomorum consulatu an torquatos nec vel veniam vel eos. ad, Per zril id.,240,5,167,4,1,0,0,other,0,mel,adipisci,insolens,mnesarchum,ut.,472
1981,duo. appetere admodum utamur no electram ei id mnesarchum recusabo, ad, am cu has, quo, sumo fabulas perpetua, iriure adipisci,248,4,171,4,1,0,1,aol,1,dolorum,in,alterum,est.,Cu,247
1963,civibus no mel recusabo, ut has, velit Ea disputando in sensibus has, no atqui per. eruditi In regione iusto Ea,282,4,183,1,1,0,5,other,3,nostrud,perpetua,,tale,has,,natum,594
1971,mediocrem In reprimique atomorum mel ad, tractatos ex adipisci everti deserunt has, Id case Est habeo appetere quo, explicari vel,232,3,167,2,1,1,1,yahoo,0,iusto,possit,splendide,deserunt,electram,96
1984,tacimates fabulas Est cu in explicari Est ne nostrud Est ut ut sumo tractatos habemus ius nominati atqui iisque deserunt,182,0,175,3,1,0,2,google,0,aliquando,moderatius.,nec,vituperata,nostrud,30
1966,per. recusabo, has, id ne Cu nostrud atomorum quis id sumo has, tacimates iisque vel civibus tale tale ad, mei,213,6,164,1,1,1,4,google,0,tale,electram,cu,Cu,veniam,203
1987,splendide no Id ut. est. mel deserunt Et Cu Id iriure alterum consequuntur, habemus doming doming has, no atqui ad,236,6,157,2,1,0,0,google,3,mea,,id.,est.,Per,am,778
1969,Mea sumo tale cu officiis, ex nostro mea, eum no no honestatis. civibus ex Partiendo mea. mea, per. Odio aliquando,137,3,163,3,0,0,1,google,3,Mea,ius,everti,tibique,fabulas,32
1940,pro. veniam dolor pro. adipisci reprimique tacimates no mel Est fabulas utamur Munere maiorum nec ex aliquando complectitur id electram,203,4,160,1,1,1,1,other,0,vituperata,nec,splendide,,veniam,sed,51
1980,maiorum insolens simul. possit honestatis. his explicari id pro. splendide, Partiendo nostro tractatos id torquatos per. natum mel id. per.,120,2,139,5,0,0,4,google,2,torquatos,no,est.,velit,In,408
1973,no est. id. Per in amet his quo, salutandi. consulatu ut mnesarchum aeque his In appellantur. Partiendo est. aeterno Ea,247,3,174,5,0,0,2,other,2,vituperata,eum,,ex,in,et.,782
1982,utamur Justo vel simul. per. ex. tibique tibique regione eum, iisque at no duo. ei nec in nec sed consulatu,133,5,155,1,0,0,2,google,3,eruditi,id.,eruditi,per.,eum,614
1943,iusto no et. no nostrud Odio nec. mel quo phaedrum Odio iusto In splendide vituperata tibique Per splendide, ne complectitur,140,5,153,5,0,0,3,aol,2,ut,complectitur,explicari,duo.,no,617
1945,In nominati nominati per. Munere in amet natum tale sed honestatis. eum his atqui mediocrem cu Et no Odio nostro,297,4,183,0,1,1,0,other,3,veniam,id.,mea,admodum,Est,587
1986,tibique ut ut. officiis, habemus ei amet id. Est eum regione honestatis. veniam at per. delicatissimi honestatis. eruditi nec. complectitur,150,6,150,2,0,0,5,google,3,vituperata,splendide,,appetere,cu,ad,118
1981,moderatius. Munere Cu ad, utamur et. everti eum, nominati Dico consequuntur, aeterno mediocrem veniam sumo iisque sensibus tractatos has, aeterno,167,4,147,1,1,1,2,yahoo,3,In,duo,,iusto,eruditi,Per,396
1983,Ea Per aeterno mnesarchum tale ad, ex. in habemus phaedrum ex copiosae quis doming admodum mel nec dolorum recusabo, In,173,6,176,1,1,1,3,google,0,eum,,Justo,sea,,natum,alterum,218
1984,Per splendide salutandi. copiosae pro. salutandi officiis, Partiendo ex vel cu idque ex. mei eum maiorum am nostro mea. appetere,231,6,169,1,0,0,4,google,0,veniam,dolorum,maiorum,natum,In,842
1983,phaedrum moderatius. mel alterum electram sumo atomorum platonem disputando officiis, Per natum Est consulatu id idque no his natum moderatius.,119,2,177,3,0,0,3,other,0,Munere,salutandi,splendide,,mediocrem,quo,,562
1954,mediocrem tacimates vituperata deserunt civibus sumo In delicatissimi et. ex quo est. dolor quo reprimique his quo, ei mea, Per,102,5,144,1,1,1,3,other,1,mnesarchum,id,maiorum,nec.,ne,929
1987,est. aeque id. admodum iriure utamur consulatu utamur maiorum fuisset Id id. quis aliquando Ea am mediocrem Mea ad, id.,200,1,150,5,1,1,0,yahoo,0,doming,recusabo,,mei,mei,iusto,232
1942,fuisset Odio id. velit disputando tibique In appetere eum, nominati nostrud pro. civibus no eum, no utamur in id. vide,135,5,161,1,1,1,4,aol,1,perpetua,,mea.,consequuntur,,nostro,id.,644
1988,mediocrem quo, vituperata an eruditi officiis, maiorum id has, his mnesarchum mea sumo honestatis. ex idque mel civibus mea, quo,294,4,137,5,0,0,1,google,1,simul.,doming,perpetua,,ut.,quo,,120
1968,quis sumo nostrud nec dolorum iriure am fabulas tacimates Odio am sea, duo, Justo eum, ad est. ex. platonem dolor,262,0,146,4,0,1,0,aol,2,electram,eum,,ea,id.,aeque,331
1955,possit splendide, utamur no ut tale at veniam ius vel mea has, aeterno disputando mediocrem in nec similique ut. eu,144,6,135,2,1,1,3,yahoo,3,ne,atomorum,velit,quo,,duo.,680
1950,has, vel nec simul. mea. ad, veniam zril alterum deserunt et. aeque alterum mea, consequuntur, tale Id splendide, habeo et.,279,2,175,4,1,1,5,yahoo,0,adipisci,amet,salutandi.,case,Cu,463
1977,In mea. cu Ea ne eos. perpetua, sensibus veniam vel perpetua, atqui salutandi dolor simul. eos. fabulas Mea splendide, idque,292,4,155,3,0,0,3,other,1,tale,sensibus,cu,eruditi,ut,710
1943,no iusto eum, splendide admodum admodum nostrud eum idque veniam veniam duo. nominati ne tibique similique vel velit maiorum aeterno,244,6,146,0,1,0,5,other,2,no,Dico,sensibus,Per,salutandi,502
1949,reprimique id. id. ne quis ei eum ea habemus an salutandi maiorum simul. mediocrem tacimates In est. mea. his ea,285,4,144,5,0,0,0,google,1,Partiendo,sumo,honestatis.,delicatissimi,moderatius.,508
1962,idque splendide sed In case habeo sea, disputando aeterno insolens Id sed id ei in vituperata ne id eos. officiis,,281,6,128,1,1,1,0,google,3,mel,his,natum,simul.,quis,847
1983,an in Per iriure iisque duo, eum am torquatos natum eum mea. eum, fuisset salutandi eum, vide sed ex. insolens,192,2,148,4,0,0,5,yahoo,0,mel,veniam,utamur,simul.,Mea,212
1952,fuisset pro. case vituperata nostro In tibique honestatis. ius mea, has, disputando consulatu ne ex. nostro per. mea, Per tacimates,225,0,172,5,1,0,3,other,2,iisque,atqui,perpetua,,mediocrem,id.,256
1986,regione no mei mel splendide doming In consequuntur, mea, ut. Justo platonem idque simul. vel Ea perpetua, explicari est. sumo,173,0,156,0,0,1,4,yahoo,0,tractatos,duo.,Mea,no,tacimates,383
1943,splendide, Est sumo alterum everti zril insolens Est eos. iriure Et nec in atomorum am maiorum ad in regione habeo,283,4,180,4,1,1,2,google,2,no,sensibus,quis,natum,Justo,253
1950,Odio sensibus dolor eum zril zril ne atqui consulatu disputando nec civibus Cu Id eos. maiorum electram maiorum am quis,279,1,157,2,1,1,2,yahoo,2,ut.,deserunt,veniam,deserunt,maiorum,275
1970,quis nostro doming mea, duo, at aeque mel habemus aeque aeterno ea aeque ut ut. eum, aeque ad, nostro admodum,118,6,168,2,1,0,3,yahoo,1,Per,tibique,idque,his,Per,439
1942,tibique ut reprimique tale natum tibique nec. iriure dolor in zril per. velit dolor atomorum Dico mea, Odio mel aeque,156,4,171,3,0,0,5,yahoo,3,civibus,atomorum,simul.,ut,doming,63
1959,Odio am vel In no Justo aeque nostrud mea. sed tacimates has, platonem in no no Est explicari nec. explicari,278,6,159,4,1,1,3,google,1,velit,idque,nec,eruditi,duo.,536
1968,quo salutandi no veniam similique amet eum, ad, Odio maiorum deserunt tractatos consulatu ea nec complectitur dolorum Est velit mea.,216,6,176,2,0,1,1,google,0,tractatos,duo.,ut,civibus,regione,815
1987,aeterno mea. Ea insolens recusabo, sed torquatos habeo et. Munere am in electram aeterno delicatissimi Id no at eos. dolor,256,0,155,1,0,0,2,google,2,Ea,dolorum,am,vituperata,disputando,620
1978,eum, sed alterum tacimates sensibus mea atomorum vel in Ea adipisci vide Per salutandi possit ad, maiorum quo eos. splendide,,244,6,166,5,1,1,1,aol,2,ex.,quo,eos.,ut.,aeque,901
1978,eum dolor no habeo eum, in electram iriure mnesarchum tacimates In tractatos Cu quo, copiosae am consulatu appellantur. perpetua, dolorum,233,5,142,4,0,0,5,other,2,sed,in,cu,explicari,sensibus,415
1988,tractatos aliquando appellantur. complectitur et. quis disputando atomorum Odio id. simul. eu atomorum Ea ad, Per natum moderatius. Id perpetua,,125,4,173,3,1,0,2,yahoo,1,adipisci,tacimates,eos.,vel,Per,78
1950,Munere insolens sumo consulatu similique iriure ad, doming splendide, quo, splendide et. id. Et ut. mnesarchum nec. similique alterum vel,296,2,180,1,0,0,4,aol,2,eruditi,ex.,ius,fuisset,Mea,703
1949,vide ius in cu splendide veniam appetere mediocrem habemus simul. nec. Justo habemus eum platonem dolor deserunt perpetua, has, pro.,102,6,166,1,1,0,2,yahoo,3,zril,has,,mei,atqui,aeque,952
1953,iisque mea Est Mea ea id nostro ius similique in at In disputando mediocrem in honestatis. disputando phaedrum atomorum copiosae,259,4,155,1,1,1,3,aol,0,sumo,quo,,mei,consequuntur,,in,110
1958,ad, mel admodum atomorum aeque vituperata Dico no has, Per est. Est nominati dolor an id. nec. id aeterno Mea,291,0,149,4,1,1,1,aol,1,id,appetere,explicari,officiis,,nostro,236
1954,am aeque at nostro natum tractatos id mnesarchum reprimique ei id velit copiosae Dico Et simul. perpetua, tale In idque,136,1,174,2,1,0,0,yahoo,3,habeo,has,,cu,explicari,nostro,427
1954,consulatu regione eu perpetua, salutandi. Per velit splendide Mea his in dolorum iusto ea duo. natum similique consulatu salutandi. id.,215,0,127,1,0,1,0,aol,1,idque,tale,ad,est.,deserunt,610
1954,regione amet Cu Munere salutandi. Justo honestatis. Id duo, quis aeterno sea, Partiendo veniam Et sea, vel quis doming Per,208,4,163,4,1,0,5,google,0,habemus,natum,Et,Partiendo,atqui,682
1968,veniam sea, vel veniam fuisset no cu at fuisset habemus explicari idque Per veniam tractatos fabulas Ea ut salutandi. quis,269,2,146,3,1,0,0,yahoo,0,Est,ei,perpetua,,Per,in,584
